{
  "soil_mse": 2.288957323953079,
  "soil_mae": 1.140117545155856,
  "soil_rmse": 1.5129300459548944,
  "soil_r2": 0.888413445255086,
  "volume_mse": 3.15558044341718e-05,
  "volume_mae": 0.0034253560935495874,
  "volume_rmse": 0.005617455334417159,
  "volume_r2": 0.9183517632394106,
  "trained_at": "2026-06-27 00:55:53",
  "n_samples": 6731
}